{"working_dir":null,"default_chunk_options":{"echo":true,"warning":false,"message":false},"chunk_definitions":[{"row":30,"row_count":1,"visible":true,"expansion_state":0,"options":{"engine":"r","label":"setup","include":false,"dev":"png"},"document_id":"AF7F14C2","chunk_id":"csetup_chunk","chunk_label":"setup"},{"row":40,"row_count":1,"visible":true,"expansion_state":0,"options":{"engine":"r","label":"unnamed-chunk-79","dev":"png"},"document_id":"AF7F14C2","chunk_id":"cmsswy2nktnwj","chunk_label":"unnamed-chunk-1"},{"row":48,"row_count":1,"visible":true,"expansion_state":0,"options":{"engine":"r","label":"Gender Distribution ","dev":"png"},"document_id":"AF7F14C2","chunk_id":"cjb53gjp7srx6","chunk_label":"Gender Distribution"},{"row":58,"row_count":1,"visible":true,"expansion_state":0,"options":{"engine":"r","label":"Revenue by Gender ","dev":"png"},"document_id":"AF7F14C2","chunk_id":"cecilzsflxlra","chunk_label":"Revenue by Gender"},{"row":71,"row_count":1,"visible":true,"expansion_state":0,"options":{"engine":"r","label":"Revenue by Age Group ","dev":"png"},"document_id":"AF7F14C2","chunk_id":"cqhf5z9llnlf4","chunk_label":"Revenue by Age Group"},{"row":79,"row_count":1,"visible":true,"expansion_state":0,"options":{"engine":"r","label":"Age Distribution ","dev":"png"},"document_id":"AF7F14C2","chunk_id":"cv06c6c94iemv","chunk_label":"Age Distribution"},{"row":83,"row_count":1,"visible":true,"expansion_state":0,"options":{"engine":"r","label":"unnamed-chunk-80","dev":"png"},"document_id":"AF7F14C2","chunk_id":"cj3rr2sv5j85o","chunk_label":"unnamed-chunk-2"},{"row":114,"row_count":1,"visible":true,"expansion_state":0,"options":{"engine":"r","dev":"png"},"document_id":"AF7F14C2","chunk_id":"c8z1e9kqtpudx","chunk_label":"unnamed-chunk-3"},{"row":127,"row_count":1,"visible":true,"expansion_state":0,"options":{"engine":"r","label":"Revenue Over Time","dev":"png"},"document_id":"AF7F14C2","chunk_id":"cpgyayf9pjdq2","chunk_label":"Revenue Over Time"},{"row":134,"row_count":1,"visible":true,"expansion_state":0,"options":{"engine":"r","label":"Time-Based Patterns: Hourly Purchase Distribution ","dev":"png"},"document_id":"AF7F14C2","chunk_id":"c2atzxz4zeokk","chunk_label":"Time-Based Patterns: Hourly Purchase Distribution"},{"row":145,"row_count":1,"visible":true,"expansion_state":0,"options":{"engine":"r","label":"Purchases by Weekday","dev":"png"},"document_id":"AF7F14C2","chunk_id":"cehxjzppto0n4","chunk_label":"Purchases by Weekday"},{"row":157,"row_count":1,"visible":true,"expansion_state":0,"options":{"engine":"r","label":"Age vs Revenue","dev":"png"},"document_id":"AF7F14C2","chunk_id":"czj2lvy251lim","chunk_label":"Age vs Revenue"},{"row":169,"row_count":1,"visible":true,"expansion_state":0,"options":{"engine":"r","label":"Revenue Over Time by Gender (Trend Analysis)","dev":"png"},"document_id":"AF7F14C2","chunk_id":"cjjayy6srxrdy","chunk_label":"Revenue Over Time by Gender (Trend Analysis)"},{"row":175,"row_count":1,"visible":true,"expansion_state":0,"options":{"engine":"r","label":"Revenue Density Plot ","dev":"png"},"document_id":"AF7F14C2","chunk_id":"cldaq63ttlxmn","chunk_label":"Revenue Density Plot"},{"row":183,"row_count":1,"visible":true,"expansion_state":0,"options":{"engine":"r","label":"Skewness and Kurtosis Summary  ","dev":"png"},"document_id":"AF7F14C2","chunk_id":"cckrdnrjt213o","chunk_label":"Skewness and Kurtosis Summary"},{"row":207,"row_count":1,"visible":true,"expansion_state":0,"options":{"engine":"r","label":"unnamed-chunk-81","dev":"png"},"document_id":"AF7F14C2","chunk_id":"ceiawxtb6am82","chunk_label":"unnamed-chunk-4"}],"doc_write_time":1746090451}