{"working_dir":null,"default_chunk_options":{"echo":true,"warning":false,"message":false},"chunk_definitions":[{"row":30,"row_count":1,"visible":true,"expansion_state":0,"options":{"engine":"r","label":"setup","include":false,"dev":"png"},"document_id":"AF7F14C2","chunk_id":"csetup_chunk","chunk_label":"setup"},{"row":40,"row_count":1,"visible":true,"expansion_state":0,"options":{},"document_id":"AF7F14C2","chunk_id":"ct4eivhqkhj7x","chunk_label":"unnamed-chunk-1"},{"row":48,"row_count":1,"visible":true,"expansion_state":0,"options":{},"document_id":"AF7F14C2","chunk_id":"ch6sv3bfumb0m","chunk_label":"Gender Distribution"},{"row":58,"row_count":1,"visible":true,"expansion_state":0,"options":{},"document_id":"AF7F14C2","chunk_id":"crpsrk38nhg8f","chunk_label":"Revenue by Gender"},{"row":71,"row_count":1,"visible":true,"expansion_state":0,"options":{},"document_id":"AF7F14C2","chunk_id":"cpatkxup57wkd","chunk_label":"Revenue by Age Group"},{"row":79,"row_count":1,"visible":true,"expansion_state":0,"options":{},"document_id":"AF7F14C2","chunk_id":"c9ny5kiq80l3f","chunk_label":"Age Distribution"},{"row":89,"row_count":1,"visible":true,"expansion_state":0,"options":{},"document_id":"AF7F14C2","chunk_id":"c5xs8ydo2605k","chunk_label":"unnamed-chunk-2"},{"row":104,"row_count":1,"visible":true,"expansion_state":0,"options":{},"document_id":"AF7F14C2","chunk_id":"cs991plv0k16x","chunk_label":"Sales & Revenue Insights"},{"row":116,"row_count":1,"visible":true,"expansion_state":0,"options":{},"document_id":"AF7F14C2","chunk_id":"csxqer60v8xsb","chunk_label":"Revenue Over Time"},{"row":123,"row_count":1,"visible":true,"expansion_state":0,"options":{},"document_id":"AF7F14C2","chunk_id":"c5cr82tsjo58e","chunk_label":"Time-Based Patterns: Hourly Purchase Distribution"},{"row":134,"row_count":1,"visible":true,"expansion_state":0,"options":{},"document_id":"AF7F14C2","chunk_id":"cc0prprk2snxb","chunk_label":"Purchases by Weekday"},{"row":146,"row_count":1,"visible":true,"expansion_state":0,"options":{},"document_id":"AF7F14C2","chunk_id":"cymr6vmx3iuzh","chunk_label":"Age vs Revenue"},{"row":158,"row_count":1,"visible":true,"expansion_state":0,"options":{},"document_id":"AF7F14C2","chunk_id":"ce5d7isyqe1gt","chunk_label":"Revenue Over Time by Gender (Trend Analysis)"},{"row":164,"row_count":1,"visible":true,"expansion_state":0,"options":{},"document_id":"AF7F14C2","chunk_id":"c5g9tasknf9u8","chunk_label":"Revenue Density Plot"},{"row":171,"row_count":1,"visible":true,"expansion_state":0,"options":{},"document_id":"AF7F14C2","chunk_id":"c6txy3v89zdkp","chunk_label":"Skewness and Kurtosis Summary"},{"row":195,"row_count":1,"visible":true,"expansion_state":0,"options":{},"document_id":"AF7F14C2","chunk_id":"cekicsf1azjvg","chunk_label":"unnamed-chunk-3"}],"doc_write_time":1746038459}