{"chunk_definitions":[{"row":36,"row_count":1,"visible":true,"expansion_state":0,"options":{"engine":"r","label":"setup","include":false,"dev":"png"},"document_id":"DDD196AE","chunk_id":"csetup_chunk","chunk_label":"setup"},{"row":41,"row_count":1,"visible":true,"expansion_state":0,"options":{"engine":"r","label":"unnamed-chunk-76","dev":"png"},"document_id":"DDD196AE","chunk_id":"cl2ky1tgwdz5a","chunk_label":"unnamed-chunk-1"},{"row":50,"row_count":1,"visible":true,"expansion_state":0,"options":{"engine":"r","label":"Load & Clean the Data ","dev":"png"},"document_id":"DDD196AE","chunk_id":"c3wpt1u0dr5uq","chunk_label":"Load & Clean the Data"},{"row":53,"row_count":1,"visible":true,"expansion_state":0,"options":{"engine":"r","label":"unnamed-chunk-77","dev":"png"},"document_id":"DDD196AE","chunk_id":"c8x1p60xev91h","chunk_label":"unnamed-chunk-2"},{"row":59,"row_count":1,"visible":true,"expansion_state":0,"options":{"engine":"r","label":"unnamed-chunk-78","dev":"png"},"document_id":"DDD196AE","chunk_id":"c7xpwsnsvi8ql","chunk_label":"unnamed-chunk-3"},{"row":63,"row_count":1,"visible":true,"expansion_state":0,"options":{"engine":"r","label":"unnamed-chunk-79","dev":"png"},"document_id":"DDD196AE","chunk_id":"cbtho02e90if9","chunk_label":"unnamed-chunk-4"},{"row":68,"row_count":1,"visible":true,"expansion_state":0,"options":{"engine":"r","label":"unnamed-chunk-80","dev":"png"},"document_id":"DDD196AE","chunk_id":"c8wqp89kayq9h","chunk_label":"unnamed-chunk-5"},{"row":86,"row_count":1,"visible":true,"expansion_state":0,"options":{"engine":"r","label":"unnamed-chunk-81","dev":"png"},"document_id":"DDD196AE","chunk_id":"crymh35ne69zh","chunk_label":"unnamed-chunk-6"},{"row":90,"row_count":1,"visible":true,"expansion_state":0,"options":{"engine":"r","label":"unnamed-chunk-82","dev":"png"},"document_id":"DDD196AE","chunk_id":"ctf1ioqz08hrf","chunk_label":"unnamed-chunk-7"},{"row":94,"row_count":1,"visible":true,"expansion_state":0,"options":{"engine":"r","label":"unnamed-chunk-83","dev":"png"},"document_id":"DDD196AE","chunk_id":"ceflginppcuv9","chunk_label":"unnamed-chunk-8"},{"row":99,"row_count":1,"visible":true,"expansion_state":0,"options":{"engine":"r","label":"unnamed-chunk-84","dev":"png"},"document_id":"DDD196AE","chunk_id":"ceh2p3ndihsfq","chunk_label":"unnamed-chunk-9"},{"row":121,"row_count":1,"visible":true,"expansion_state":0,"options":{"engine":"r","label":"Age Distribution of Readers  ","dev":"png"},"document_id":"DDD196AE","chunk_id":"cyo96ndqbop2z","chunk_label":"Age Distribution of Readers"},{"row":136,"row_count":1,"visible":true,"expansion_state":0,"options":{"engine":"r","label":"Most Common Genres1 ","dev":"png"},"document_id":"DDD196AE","chunk_id":"c9xt8xmo3iop3","chunk_label":"Most Common Genres1"},{"row":152,"row_count":1,"visible":true,"expansion_state":0,"options":{"engine":"r","label":"Age Distribution per Genre (Top Genres Only) ","dev":"png"},"document_id":"DDD196AE","chunk_id":"cdo7zzsddwm59","chunk_label":"Age Distribution per Genre (Top Genres Only)"},{"row":173,"row_count":1,"visible":true,"expansion_state":0,"options":{"engine":"r","label":"Age Distribution by Top Genres","dev":"png"},"document_id":"DDD196AE","chunk_id":"cjz6r00iybhd3","chunk_label":"Age Distribution by Top Genres"},{"row":208,"row_count":1,"visible":true,"expansion_state":0,"options":{"engine":"r","label":"Map of Reading Activity by Country (country-mapMap)","dev":"png"},"document_id":"DDD196AE","chunk_id":"c2p4pffdvpgve","chunk_label":"Map of Reading Activity by Country (country-mapMap)"},{"row":219,"row_count":1,"visible":true,"expansion_state":0,"options":{"engine":"r","label":"top-publishers","dev":"png"},"document_id":"DDD196AE","chunk_id":"c5poweileexh6","chunk_label":"top-publishers"},{"row":246,"row_count":1,"visible":true,"expansion_state":0,"options":{"engine":"r","label":"Number of Genres Read per Reader","dev":"png"},"document_id":"DDD196AE","chunk_id":"ct7qgl1d127g5","chunk_label":"Number of Genres Read per Reader"},{"row":255,"row_count":1,"visible":true,"expansion_state":0,"options":{"engine":"r","label":"Skewness and Kurtosis of Age","dev":"png"},"document_id":"DDD196AE","chunk_id":"cmnc4ldqcrdtu","chunk_label":"Skewness and Kurtosis of Age"},{"row":266,"row_count":1,"visible":true,"expansion_state":0,"options":{"engine":"r","label":"unnamed-chunk-85","dev":"png"},"document_id":"DDD196AE","chunk_id":"c15ogi3m7khwo","chunk_label":"unnamed-chunk-10"},{"row":284,"row_count":1,"visible":true,"expansion_state":0,"options":{"engine":"r","label":"Fiction Popularity by Age (Advanced Regression + Plot)","dev":"png"},"document_id":"DDD196AE","chunk_id":"cll1ng0n58d2q","chunk_label":"Fiction Popularity by Age (Advanced Regression + Plot)"},{"row":295,"row_count":1,"visible":true,"expansion_state":0,"options":{"engine":"r","label":"Fiction Reading Likelihood by Age (Logistic Regression) ","dev":"png"},"document_id":"DDD196AE","chunk_id":"c2y5ckdiqzjx6","chunk_label":"Fiction Reading Likelihood by Age (Logistic Regression)"},{"row":327,"row_count":1,"visible":true,"expansion_state":0,"options":{"engine":"r","label":"Facet Grid of Top Genres by Age Group ","dev":"png"},"document_id":"DDD196AE","chunk_id":"clzm0nigimn8f","chunk_label":"Facet Grid of Top Genres by Age Group"},{"row":336,"row_count":1,"visible":true,"expansion_state":0,"options":{"engine":"r","label":"Age Distribution with Skewness and Kurtosis","dev":"png"},"document_id":"DDD196AE","chunk_id":"c1psgqy0v0wz0","chunk_label":"Age Distribution with Skewness and Kurtosis"},{"row":352,"row_count":1,"visible":true,"expansion_state":0,"options":{"engine":"r","label":"Skewness & Kurtosis of Fiction Preference","dev":"png"},"document_id":"DDD196AE","chunk_id":"cgqnqh12aumd9","chunk_label":"Skewness & Kurtosis of Fiction Preference"},{"row":363,"row_count":1,"visible":true,"expansion_state":0,"options":{"engine":"r","label":"unnamed-chunk-86","dev":"png"},"document_id":"DDD196AE","chunk_id":"crqq259avnnip","chunk_label":"unnamed-chunk-11"},{"row":376,"row_count":1,"visible":true,"expansion_state":0,"options":{"engine":"r","label":"Treemap of Top Genres","dev":"png"},"document_id":"DDD196AE","chunk_id":"cyh2hsq65xfyf","chunk_label":"Treemap of Top Genres"},{"row":395,"row_count":1,"visible":true,"expansion_state":0,"options":{"engine":"r","label":"unnamed-chunk-87","dev":"png"},"document_id":"DDD196AE","chunk_id":"cn1i5z725a0ni","chunk_label":"unnamed-chunk-12"},{"row":399,"row_count":1,"visible":true,"expansion_state":0,"options":{"engine":"r","label":"unnamed-chunk-88","dev":"png"},"document_id":"DDD196AE","chunk_id":"cx7h4gx1ihsta","chunk_label":"unnamed-chunk-13"},{"row":419,"row_count":1,"visible":true,"expansion_state":0,"options":{"engine":"r","label":"Top 10 Countries by Number of Fiction Readers","dev":"png"},"document_id":"DDD196AE","chunk_id":"ct9wgil1u11fs","chunk_label":"Top 10 Countries by Number of Fiction Readers"},{"row":440,"row_count":1,"visible":true,"expansion_state":0,"options":{"engine":"r","label":"Top 10 Countries by Total Fiction Readers ","dev":"png"},"document_id":"DDD196AE","chunk_id":"cex28ral059us","chunk_label":"Top 10 Countries by Total Fiction Readers"},{"row":460,"row_count":1,"visible":true,"expansion_state":0,"options":{"engine":"r","label":"Genre Diversity by Country","dev":"png"},"document_id":"DDD196AE","chunk_id":"c9aiv1pok8rns","chunk_label":"Genre Diversity by Country"},{"row":481,"row_count":1,"visible":true,"expansion_state":0,"options":{"engine":"r","label":"Number of Genres Read by Age","dev":"png"},"document_id":"DDD196AE","chunk_id":"c5amcvwq8ls1l","chunk_label":"Number of Genres Read by Age"},{"row":509,"row_count":1,"visible":true,"expansion_state":0,"options":{"engine":"r","label":"Average Reader Age by Country","dev":"png"},"document_id":"DDD196AE","chunk_id":"cw2for73lkcsy","chunk_label":"Average Reader Age by Country"},{"row":549,"row_count":1,"visible":true,"expansion_state":0,"options":{"engine":"r","label":"Proportion of Young Readers by Country","dev":"png"},"document_id":"DDD196AE","chunk_id":"cv7expu9dq76v","chunk_label":"Proportion of Young Readers by Country"},{"row":563,"row_count":1,"visible":true,"expansion_state":0,"options":{"engine":"r","label":"unnamed-chunk-91","dev":"png"},"document_id":"DDD196AE","chunk_id":"cdqmvyhgchg9i","chunk_label":"unnamed-chunk-14"}],"doc_write_time":1746179321,"working_dir":null,"default_chunk_options":{"echo":true,"warning":false,"message":false}}