{"chunk_definitions":[{"row":36,"row_count":1,"visible":true,"expansion_state":0,"options":{"engine":"r","label":"setup","include":false,"dev":"png"},"document_id":"DDD196AE","chunk_id":"csetup_chunk","chunk_label":"setup"},{"row":41,"row_count":1,"visible":true,"expansion_state":0,"options":{"engine":"r","label":"unnamed-chunk-169","dev":"png"},"document_id":"DDD196AE","chunk_id":"cl2ky1tgwdz5a","chunk_label":"unnamed-chunk-1"},{"row":50,"row_count":1,"visible":true,"expansion_state":0,"options":{"engine":"r","label":"Load & Clean the Data ","dev":"png"},"document_id":"DDD196AE","chunk_id":"c3wpt1u0dr5uq","chunk_label":"Load & Clean the Data"},{"row":53,"row_count":1,"visible":true,"expansion_state":0,"options":{"engine":"r","label":"unnamed-chunk-170","dev":"png"},"document_id":"DDD196AE","chunk_id":"c8x1p60xev91h","chunk_label":"unnamed-chunk-2"},{"row":59,"row_count":1,"visible":true,"expansion_state":0,"options":{"engine":"r","label":"unnamed-chunk-171","dev":"png"},"document_id":"DDD196AE","chunk_id":"c7xpwsnsvi8ql","chunk_label":"unnamed-chunk-3"},{"row":63,"row_count":1,"visible":true,"expansion_state":0,"options":{"engine":"r","label":"unnamed-chunk-172","dev":"png"},"document_id":"DDD196AE","chunk_id":"cbtho02e90if9","chunk_label":"unnamed-chunk-4"},{"row":86,"row_count":1,"visible":true,"expansion_state":0,"options":{"engine":"r","label":"Age Distribution of Readers  ","dev":"png"},"document_id":"DDD196AE","chunk_id":"cyo96ndqbop2z","chunk_label":"Age Distribution of Readers"},{"row":101,"row_count":1,"visible":true,"expansion_state":0,"options":{"engine":"r","label":"Most Common Genres1 ","dev":"png"},"document_id":"DDD196AE","chunk_id":"c9xt8xmo3iop3","chunk_label":"Most Common Genres1"},{"row":117,"row_count":1,"visible":true,"expansion_state":0,"options":{"engine":"r","label":"Age Distribution per Genre (Top Genres Only) ","dev":"png"},"document_id":"DDD196AE","chunk_id":"cdo7zzsddwm59","chunk_label":"Age Distribution per Genre (Top Genres Only)"},{"row":138,"row_count":1,"visible":true,"expansion_state":0,"options":{"engine":"r","label":"Age Distribution by Top Genres","dev":"png"},"document_id":"DDD196AE","chunk_id":"cjz6r00iybhd3","chunk_label":"Age Distribution by Top Genres"},{"row":159,"row_count":1,"visible":true,"expansion_state":0,"options":{"engine":"r","label":"Map of Reading Activity by Country (country-mapMap)","dev":"png"},"document_id":"DDD196AE","chunk_id":"c2p4pffdvpgve","chunk_label":"Map of Reading Activity by Country (country-mapMap)"},{"row":170,"row_count":1,"visible":true,"expansion_state":0,"options":{"engine":"r","label":"top-publishers","dev":"png"},"document_id":"DDD196AE","chunk_id":"c5poweileexh6","chunk_label":"top-publishers"},{"row":197,"row_count":1,"visible":true,"expansion_state":0,"options":{"engine":"r","label":"Number of Genres Read per Reader","dev":"png"},"document_id":"DDD196AE","chunk_id":"ct7qgl1d127g5","chunk_label":"Number of Genres Read per Reader"},{"row":206,"row_count":1,"visible":true,"expansion_state":0,"options":{"engine":"r","label":"Skewness and Kurtosis of Age","dev":"png"},"document_id":"DDD196AE","chunk_id":"cmnc4ldqcrdtu","chunk_label":"Skewness and Kurtosis of Age"},{"row":217,"row_count":1,"visible":true,"expansion_state":0,"options":{"engine":"r","label":"unnamed-chunk-173","dev":"png"},"document_id":"DDD196AE","chunk_id":"c15ogi3m7khwo","chunk_label":"unnamed-chunk-5"},{"row":235,"row_count":1,"visible":true,"expansion_state":0,"options":{"engine":"r","label":"Fiction Popularity by Age (Advanced Regression + Plot)","dev":"png"},"document_id":"DDD196AE","chunk_id":"cll1ng0n58d2q","chunk_label":"Fiction Popularity by Age (Advanced Regression + Plot)"},{"row":246,"row_count":1,"visible":true,"expansion_state":0,"options":{"engine":"r","label":"Fiction Reading Likelihood by Age (Logistic Regression) ","dev":"png"},"document_id":"DDD196AE","chunk_id":"c2y5ckdiqzjx6","chunk_label":"Fiction Reading Likelihood by Age (Logistic Regression)"},{"row":278,"row_count":1,"visible":true,"expansion_state":0,"options":{"engine":"r","label":"Facet Grid of Top Genres by Age Group ","dev":"png"},"document_id":"DDD196AE","chunk_id":"clzm0nigimn8f","chunk_label":"Facet Grid of Top Genres by Age Group"},{"row":287,"row_count":1,"visible":true,"expansion_state":0,"options":{"engine":"r","label":"Age Distribution with Skewness and Kurtosis","dev":"png"},"document_id":"DDD196AE","chunk_id":"c1psgqy0v0wz0","chunk_label":"Age Distribution with Skewness and Kurtosis"},{"row":303,"row_count":1,"visible":true,"expansion_state":0,"options":{"engine":"r","label":"Skewness & Kurtosis of Fiction Preference","dev":"png"},"document_id":"DDD196AE","chunk_id":"cgqnqh12aumd9","chunk_label":"Skewness & Kurtosis of Fiction Preference"},{"row":314,"row_count":1,"visible":true,"expansion_state":0,"options":{"engine":"r","label":"unnamed-chunk-174","dev":"png"},"document_id":"DDD196AE","chunk_id":"crqq259avnnip","chunk_label":"unnamed-chunk-6"},{"row":327,"row_count":1,"visible":true,"expansion_state":0,"options":{"engine":"r","label":"Treemap of Top Genres","dev":"png"},"document_id":"DDD196AE","chunk_id":"cyh2hsq65xfyf","chunk_label":"Treemap of Top Genres"},{"row":346,"row_count":1,"visible":true,"expansion_state":0,"options":{"engine":"r","label":"unnamed-chunk-175","dev":"png"},"document_id":"DDD196AE","chunk_id":"cn1i5z725a0ni","chunk_label":"unnamed-chunk-7"},{"row":350,"row_count":1,"visible":true,"expansion_state":0,"options":{"engine":"r","label":"unnamed-chunk-176","dev":"png"},"document_id":"DDD196AE","chunk_id":"cx7h4gx1ihsta","chunk_label":"unnamed-chunk-8"},{"row":373,"row_count":1,"visible":true,"expansion_state":0,"options":{"engine":"r","label":"unnamed-chunk-177","dev":"png"},"document_id":"DDD196AE","chunk_id":"c5kf5tazls0ph","chunk_label":"unnamed-chunk-9"},{"row":392,"row_count":1,"visible":true,"expansion_state":0,"options":{"engine":"r","label":"Top 10 Countries by Number of Fiction Readers","dev":"png"},"document_id":"DDD196AE","chunk_id":"cbzbjogzensje","chunk_label":"Top 10 Countries by Number of Fiction Readers"},{"row":413,"row_count":1,"visible":true,"expansion_state":0,"options":{"engine":"r","label":"Top 10 Countries by Total Fiction Readers ","dev":"png"},"document_id":"DDD196AE","chunk_id":"cxatydl03mvun","chunk_label":"Top 10 Countries by Total Fiction Readers"},{"row":433,"row_count":1,"visible":true,"expansion_state":0,"options":{"engine":"r","label":"Genre Diversity by Country","dev":"png"},"document_id":"DDD196AE","chunk_id":"cq1hnox4c1cy7","chunk_label":"Genre Diversity by Country"},{"row":454,"row_count":1,"visible":true,"expansion_state":0,"options":{"engine":"r","label":"Number of Genres Read by Age","dev":"png"},"document_id":"DDD196AE","chunk_id":"c19r4tsgcfu0h","chunk_label":"Number of Genres Read by Age"},{"row":492,"row_count":1,"visible":true,"expansion_state":0,"options":{"engine":"r","label":"Average Reader Age by Country","dev":"png"},"document_id":"DDD196AE","chunk_id":"c8u2dhtygcm5g","chunk_label":"Average Reader Age by Country"},{"row":520,"row_count":1,"visible":true,"expansion_state":0,"options":{"engine":"r","label":"Proportion of Young Readers by Country","dev":"png"},"document_id":"DDD196AE","chunk_id":"chf3rfly4mb74","chunk_label":"Proportion of Young Readers by Country"},{"row":534,"row_count":1,"visible":true,"expansion_state":0,"options":{"engine":"r","label":"unnamed-chunk-178","dev":"png"},"document_id":"DDD196AE","chunk_id":"cnez3icamyhq3","chunk_label":"unnamed-chunk-10"},{"row":540,"row_count":1,"visible":true,"expansion_state":0,"options":{"engine":"r","label":"unnamed-chunk-179","dev":"png"},"document_id":"DDD196AE","chunk_id":"cbk8qopw9st8b","chunk_label":"unnamed-chunk-11"},{"row":558,"row_count":1,"visible":true,"expansion_state":0,"options":{"engine":"r","label":"unnamed-chunk-180","dev":"png"},"document_id":"DDD196AE","chunk_id":"c969jdbyuze7o","chunk_label":"unnamed-chunk-12"},{"row":562,"row_count":1,"visible":true,"expansion_state":0,"options":{"engine":"r","label":"unnamed-chunk-181","dev":"png"},"document_id":"DDD196AE","chunk_id":"c2m3qp3r3anzn","chunk_label":"unnamed-chunk-13"},{"row":566,"row_count":1,"visible":true,"expansion_state":0,"options":{"engine":"r","label":"unnamed-chunk-182","dev":"png"},"document_id":"DDD196AE","chunk_id":"ctjqdzbv6z9bc","chunk_label":"unnamed-chunk-14"},{"row":571,"row_count":1,"visible":true,"expansion_state":0,"options":{"engine":"r","label":"unnamed-chunk-183","dev":"png"},"document_id":"DDD196AE","chunk_id":"cufj1iul0sww2","chunk_label":"unnamed-chunk-15"},{"row":595,"row_count":1,"visible":true,"expansion_state":0,"options":{"engine":"r","label":"unnamed-chunk-184","dev":"png"},"document_id":"DDD196AE","chunk_id":"c1p6advlzcsg1","chunk_label":"unnamed-chunk-16"},{"row":613,"row_count":1,"visible":true,"expansion_state":0,"options":{"engine":"r","label":"unnamed-chunk-185","dev":"png"},"document_id":"DDD196AE","chunk_id":"cus450gxm9cxp","chunk_label":"unnamed-chunk-17"},{"row":632,"row_count":1,"visible":true,"expansion_state":0,"options":{"engine":"r","label":"unnamed-chunk-186","dev":"png"},"document_id":"DDD196AE","chunk_id":"c0bb4fjmo0h6r","chunk_label":"unnamed-chunk-18"}],"doc_write_time":1746094196,"working_dir":null,"default_chunk_options":{"echo":true,"warning":false,"message":false},"chunk_rendered_width":700}