"0","knitr::opts_chunk$set(echo = TRUE)"
"0","library(dplyr)"
"0","library(tidyverse)"
"2","G2;H2;Warningh: package ‘tidyverse’ was built under R version 4.3.3g
"
"2","G2;H2;Warningh: package ‘ggplot2’ was built under R version 4.3.3g
"
"2","G2;H2;Warningh: package ‘tidyr’ was built under R version 4.3.3g
"
"2","G2;H2;Warningh: package ‘readr’ was built under R version 4.3.3g
"
"2","G2;H2;Warningh: package ‘purrr’ was built under R version 4.3.3g
"
"2","G2;H2;Warningh: package ‘stringr’ was built under R version 4.3.3g
"
"2","G2;H2;Warningh: package ‘forcats’ was built under R version 4.3.3g
"
"2","G2;H2;Warningh: package ‘lubridate’ was built under R version 4.3.3g
"
"2","── [1mAttaching core tidyverse packages[22m ──────────────────────────────────────────── tidyverse 2.0.0 ──
[32m✔[39m [34mforcats  [39m 1.0.0     [32m✔[39m [34mreadr    [39m 2.1.5
[32m✔[39m [34mggplot2  [39m 3.5.1     [32m✔[39m [34mstringr  [39m 1.5.1
[32m✔[39m [34mlubridate[39m 1.9.3     [32m✔[39m [34mtibble   [39m 3.2.1
[32m✔[39m [34mpurrr    [39m 1.0.2     [32m✔[39m [34mtidyr    [39m 1.3.1
"
"2","── [1mConflicts[22m ────────────────────────────────────────────────────────────── tidyverse_conflicts() ──
[31m✖[39m [34mdplyr[39m::[32mfilter()[39m masks [34mstats[39m::filter()
[31m✖[39m [34mdplyr[39m::[32mlag()[39m    masks [34mstats[39m::lag()
[36mℹ[39m Use the ]8;;http://conflicted.r-lib.org/conflicted package]8;; to force all conflicts to become errors
"
