{"working_dir":null,"default_chunk_options":{"echo":true},"chunk_definitions":[{"row":11,"row_count":1,"visible":true,"expansion_state":0,"options":{"engine":"r","label":"setup","include":false,"dev":"png"},"document_id":"4B819671","chunk_id":"csetup_chunk","chunk_label":"setup"},{"row":15,"row_count":1,"visible":true,"expansion_state":0,"options":{"engine":"r","label":"unnamed-chunk-2","dev":"png"},"document_id":"4B819671","chunk_id":"clw0712p62umt","chunk_label":"unnamed-chunk-1"},{"row":20,"row_count":1,"visible":true,"expansion_state":0,"options":{"engine":"r","label":"unnamed-chunk-3","dev":"png"},"document_id":"4B819671","chunk_id":"cm3czktahqw7b","chunk_label":"unnamed-chunk-2"}],"doc_write_time":1748455067}