{"chunk_definitions":[{"row":36,"row_count":1,"visible":true,"expansion_state":0,"options":{"engine":"r","label":"setup","include":false,"dev":"png"},"document_id":"DDD196AE","chunk_id":"csetup_chunk","chunk_label":"setup"},{"row":41,"row_count":1,"visible":true,"expansion_state":0,"options":{},"document_id":"DDD196AE","chunk_id":"c97ekwx98d22w","chunk_label":"unnamed-chunk-1"},{"row":50,"row_count":1,"visible":true,"expansion_state":0,"options":{},"document_id":"DDD196AE","chunk_id":"c4yfu26i50gaq","chunk_label":"Load & Clean the Data"},{"row":53,"row_count":1,"visible":true,"expansion_state":0,"options":{},"document_id":"DDD196AE","chunk_id":"cu35wsxe6pdaa","chunk_label":"unnamed-chunk-2"},{"row":59,"row_count":1,"visible":true,"expansion_state":0,"options":{},"document_id":"DDD196AE","chunk_id":"cagjftqt3o3hj","chunk_label":"unnamed-chunk-3"},{"row":63,"row_count":1,"visible":true,"expansion_state":0,"options":{},"document_id":"DDD196AE","chunk_id":"czfu3hm8s0hgb","chunk_label":"unnamed-chunk-4"},{"row":86,"row_count":1,"visible":true,"expansion_state":0,"options":{},"document_id":"DDD196AE","chunk_id":"cxf8l4ckypwyf","chunk_label":"Age Distribution of Readers"},{"row":101,"row_count":1,"visible":true,"expansion_state":0,"options":{},"document_id":"DDD196AE","chunk_id":"cclzn96783uv1","chunk_label":"Most Common Genres1"},{"row":117,"row_count":1,"visible":true,"expansion_state":0,"options":{},"document_id":"DDD196AE","chunk_id":"coobtvi6ysxcw","chunk_label":"Age Distribution per Genre (Top Genres Only)"},{"row":135,"row_count":1,"visible":true,"expansion_state":0,"options":{},"document_id":"DDD196AE","chunk_id":"cyg1wpkjqff6t","chunk_label":"Age Distribution by Top Genres"},{"row":156,"row_count":1,"visible":true,"expansion_state":0,"options":{},"document_id":"DDD196AE","chunk_id":"cuul23y44ee9y","chunk_label":"Map of Reading Activity by Country (country-mapMap)"},{"row":167,"row_count":1,"visible":true,"expansion_state":0,"options":{},"document_id":"DDD196AE","chunk_id":"cu9wwj4n6983u","chunk_label":"top-publishers"},{"row":194,"row_count":1,"visible":true,"expansion_state":0,"options":{},"document_id":"DDD196AE","chunk_id":"cwzp2i0v2ud9u","chunk_label":"Number of Genres Read per Reader"},{"row":203,"row_count":1,"visible":true,"expansion_state":0,"options":{},"document_id":"DDD196AE","chunk_id":"cwxntutj58k7n","chunk_label":"Skewness and Kurtosis of Age"},{"row":214,"row_count":1,"visible":true,"expansion_state":0,"options":{},"document_id":"DDD196AE","chunk_id":"c8eh1h4v2232t","chunk_label":"unnamed-chunk-5"},{"row":232,"row_count":1,"visible":true,"expansion_state":0,"options":{},"document_id":"DDD196AE","chunk_id":"c6kln5tg2t580","chunk_label":"Fiction Popularity by Age (Advanced Regression + Plot)"},{"row":243,"row_count":1,"visible":true,"expansion_state":0,"options":{},"document_id":"DDD196AE","chunk_id":"ct38akwlicybo","chunk_label":"Fiction Reading Likelihood by Age (Logistic Regression)"},{"row":275,"row_count":1,"visible":true,"expansion_state":0,"options":{},"document_id":"DDD196AE","chunk_id":"cvp8deg9c6v3u","chunk_label":"Facet Grid of Top Genres by Age Group"},{"row":284,"row_count":1,"visible":true,"expansion_state":0,"options":{},"document_id":"DDD196AE","chunk_id":"c8zfv4rlpedzz","chunk_label":"Age Distribution with Skewness and Kurtosis"},{"row":300,"row_count":1,"visible":true,"expansion_state":0,"options":{},"document_id":"DDD196AE","chunk_id":"c9mh6igqml4o9","chunk_label":"Skewness & Kurtosis of Fiction Preference"},{"row":311,"row_count":1,"visible":true,"expansion_state":0,"options":{},"document_id":"DDD196AE","chunk_id":"c4b2yhajzeo9h","chunk_label":"unnamed-chunk-6"},{"row":324,"row_count":1,"visible":true,"expansion_state":0,"options":{},"document_id":"DDD196AE","chunk_id":"c1s9my2d6onp1","chunk_label":"Treemap of Top Genres"},{"row":343,"row_count":1,"visible":true,"expansion_state":0,"options":{},"document_id":"DDD196AE","chunk_id":"c84pbqp4u5mqs","chunk_label":"unnamed-chunk-7"},{"row":367,"row_count":1,"visible":true,"expansion_state":0,"options":{},"document_id":"DDD196AE","chunk_id":"cwj83wfngvkv8","chunk_label":"unnamed-chunk-8"},{"row":386,"row_count":1,"visible":true,"expansion_state":0,"options":{},"document_id":"DDD196AE","chunk_id":"cmvjso2bisj0u","chunk_label":"Top 10 Countries by Number of Fiction Readers"},{"row":407,"row_count":1,"visible":true,"expansion_state":0,"options":{},"document_id":"DDD196AE","chunk_id":"cjcgmh3jrs3gn","chunk_label":"Top 10 Countries by Total Fiction Readers"},{"row":427,"row_count":1,"visible":true,"expansion_state":0,"options":{},"document_id":"DDD196AE","chunk_id":"cxzx5hbggnj91","chunk_label":"Genre Diversity by Country"},{"row":448,"row_count":1,"visible":true,"expansion_state":0,"options":{},"document_id":"DDD196AE","chunk_id":"ck1sfd5y6xknb","chunk_label":"Number of Genres Read by Age"},{"row":486,"row_count":1,"visible":true,"expansion_state":0,"options":{},"document_id":"DDD196AE","chunk_id":"c1mvl2ifa2wl9","chunk_label":"Average Reader Age by Country"},{"row":514,"row_count":1,"visible":true,"expansion_state":0,"options":{},"document_id":"DDD196AE","chunk_id":"ceyix4qqndskn","chunk_label":"Proportion of Young Readers by Country"},{"row":528,"row_count":1,"visible":true,"expansion_state":0,"options":{},"document_id":"DDD196AE","chunk_id":"cprkyswgw6sxd","chunk_label":"unnamed-chunk-9"}],"doc_write_time":1746038500,"working_dir":null,"default_chunk_options":{"echo":true,"warning":false,"message":false},"chunk_rendered_width":700}