"0","# Histogram with density curve"
"0","ggplot(df_clean, aes(x = Age)) +"
"0","  geom_histogram(aes(y = ..density..), binwidth = 5, fill = ""lightblue"", color = ""black"") +"
"0","  geom_density(color = ""darkred"", size = 1) +"
"0","  labs(title = ""Age Distribution with Density Curve"","
"0","       subtitle = paste0(""Skewness: "", round(skewness(df_clean$Age, na.rm = TRUE), 2),"
"0","                         "", Kurtosis: "", round(kurtosis(df_clean$Age, na.rm = TRUE), 2)),"
"0","       x = ""Age"", y = ""Density"") +"
"0","  theme_minimal()"
